{
  "timestamp": "2025-07-03T14:18:55.103163",
  "success": true,
  "error": null,
  "metrics": {
    "cav_metrics": {
      "cavs_trained": 5,
      "total_biases": 5
    },
    "system_metrics": {
      "system_training_losses": [
        4.957464247941971,
        1.5898994207382202,
        0.8352563455700874,
        0.7182543724775314,
        0.8909180909395218
      ],
      "final_loss": 0.8909180909395218,
      "epochs_completed": 5
    },
    "classifier_metrics": {
      "training_metrics": {
        "epoch_losses": [
          0.23482247348874807,
          0.22381562739610672,
          0.25327463261783123,
          0.25525334384292364,
          0.23997174203395844,
          0.31330081075429916,
          0.24495698139071465,
          0.22655425406992435,
          0.2622939352877438,
          0.2540008155629039
        ],
        "epoch_accuracies": [
          0.578125,
          0.59375,
          0.484375,
          0.546875,
          0.484375,
          0.5,
          0.53125,
          0.5625,
          0.5625,
          0.546875
        ]
      },
      "anes_classifier": 