{
  "timestamp": "2025-07-03T14:42:22.631773",
  "data_shapes": {
    "bias_scores": [
      100,
      5
    ],
    "system_weights": [
      100
    ],
    "targets": [
      100
    ]
  },
  "bias_statistics": {
    "mean": [
      -0.037367355078458786,
      -0.007893521338701248,
      0.10481706261634827,
      0.021921947598457336,
      0.04145602881908417
    ],
    "std": [
      0.9259586930274963,
      1.1260126829147339,
      0.9672613739967346,
      0.9965956807136536,
      0.9410855174064636
    ],
    "min": [
      -2.5474472045898438,
      -3.112891674041748,
      -2.5085573196411133,
      -1.9565651416778564,
      -2.234313488006592
    ],
    "max": [
      2.843783378601074,
      2.206169605255127,
      2.6998469829559326,
      2.586236000061035,
      2.4437153339385986
    ]
  },
  "system_statistics": {
    "mean": 0.601580023765564,
    "std": 0.0004256052488926798,
    "min": 0.6007493734359741,
    "max": 0.6029077172279358,
    "system1_preference": 1.0,
    "system2_preference": 0.0
  },
  "training_metrics": {
    "best_accuracy": 1.0,
    "system1_weight": 0.601580023765564,
    "system2_weight": 0.39841997623443604,
    "enhanced_features": true,
    "model_used": "roberta-large"
  }
}