{
  "timestamp": "2025-07-03T14:54:20.865224",
  "data_shapes": {
    "bias_scores": [
      100,
      5
    ],
    "system_weights": [
      100
    ],
    "targets": [
      100
    ]
  },
  "bias_statistics": {
    "mean": [
      0.06193927675485611,
      -0.017262909561395645,
      -0.005307111889123917,
      -0.07521415501832962,
      0.05256635695695877
    ],
    "std": [
      0.4627687335014343,
      0.428882360458374,
      0.43306657671928406,
      0.3971225619316101,
      0.4316793382167816
    ],
    "min": [
      -0.8423758149147034,
      -0.9785234928131104,
      -0.8555082082748413,
      -0.8206685185432434,
      -0.8081508278846741
    ],
    "max": [
      0.8575937151908875,
      0.8068313002586365,
      0.8855351209640503,
      0.8399745225906372,
      0.9199015498161316
    ]
  },
  "system_statistics": {
    "mean": 0.7087695598602295,
    "std": 0.0003983421775046736,
    "min": 0.7079753279685974,
    "max": 0.7097126841545105,
    "system1_preference": 1.0,
    "system2_preference": 0.0
  },
  "training_metrics": {
    "best_accuracy": 0.550000011920929,
    "system1_weight": 0.7087695002555847,
    "system2_weight": 0.2912304997444153,
    "enhanced_features": true,
    "enhanced_training": true,
    "model_used": "roberta-large",
    "class_balanced": true
  }
}