{
    "overall_accuracy": 0.5484961135518757,
    "classification_report": {
        "Donald Trump": {
            "precision": 0.0,
            "recall": 0.0,
            "f1-score": 0.0,
            "support": 1336.0
        },
        "Kamala Harris": {
            "precision": 0.5484961135518757,
            "recall": 1.0,
            "f1-score": 0.7084242688782191,
            "support": 1623.0
        },
        "accuracy": 0.5484961135518757,
        "macro avg": {
            "precision": 0.27424805677593783,
            "recall": 0.5,
            "f1-score": 0.35421213443910954,
            "support": 2959.0
        },
        "weighted avg": {
            "precision": 0.3008479865815121,
            "recall": 0.5484961135518757,
            "f1-score": 0.3885679582255321,
            "support": 2959.0
        }
    },
    "auc_score": 0.6386953449847071,
    "thresholded_results": {
        "threshold_0_5": {
            "confusion_matrix": [
                [
                    0,
                    1336
                ],
                [
                    0,
                    1623
                ]
            ],
            "accuracy": 0.5484961135518757
        },
        "threshold_0_6": {
            "confusion_matrix": [
                [
                    1336,
                    0
                ],
                [
                    1623,
                    0
                ]
            ],
            "accuracy": 0.4515038864481244
        },
        "threshold_0_7": {
            "confusion_matrix": [
                [
                    1336,
                    0
                ],
                [
                    1623,
                    0
                ]
            ],
            "accuracy": 0.4515038864481244
        },
        "threshold_0_8": {
            "confusion_matrix": [
                [
                    1336,
                    0
                ],
                [
                    1623,
                    0
                ]
            ],
            "accuracy": 0.4515038864481244
        },
        "threshold_0_9": {
            "confusion_matrix": [
                [
                    1336,
                    0
                ],
                [
                    1623,
                    0
                ]
            ],
            "accuracy": 0.4515038864481244
        }
    },
    "avg_bias_scores": {},
    "avg_system_weights": {}
}