{
  "timestamp": "2025-07-03T14:18:55.100699",
  "data_shapes": {
    "bias_scores": [
      100,
      5
    ],
    "system_weights": [
      100
    ],
    "targets": [
      100
    ]
  },
  "bias_statistics": {
    "mean": [
      0.1914283186197281,
      -0.13698607683181763,
      -0.07166992872953415,
      -0.17509426176548004,
      -0.10298153012990952
    ],
    "std": [
      1.0355976819992065,
      1.071853518486023,
      1.067378044128418,
      1.0430806875228882,
      1.0062705278396606
    ],
    "min": [
      -2.199244737625122,
      -3.3118185997009277,
      -3.15982985496521,
      -2.726043462753296,
      -2.978175401687622
    ],
    "max": [
      2.887301445007324,
      2.1074678897857666,
      2.848357915878296,
      2.8610548973083496,
      2.4483981132507324
    ]
  },
  "system_statistics": {
    "mean": 0.5170693397521973,
    "std": 0.30121684074401855,
    "min": 0.023897528648376465,
    "max": 0.9787542223930359,
    "system1_preference": 0.53,
    "system2_preference": 0.47
  },
  "training_metrics": {
    "cav_metrics": {
      "cavs_trained": 5,
      "total_biases": 5
    },
    "system_metrics": {
      "system_training_losses": [
        4.957464247941971,
        1.5898994207382202,
        0.8352563455700874,
        0.7182543724775314,
        0.8909180909395218
      ],
      "final_loss": 0.8909180909395218,
      "epochs_completed": 5
    },
    "classifier_metrics": {
      "training_metrics": {
        "epoch_losses": [
          0.23482247348874807,
          0.22381562739610672,
          0.25327463261783123,
          0.25525334384292364,
          0.23997174203395844,
          0.31330081075429916,
          0.24495698139071465,
          0.22655425406992435,
          0.2622939352877438,
          0.2540008155629039
        ],
        "epoch_accuracies": [
          0.578125,
          0.59375,
          0.484375,
          0.546875,
          0.484375,
          0.5,
          0.53125,
          0.5625,
          0.5625,
          0.546875
        ]
      },
      "anes_classifier": 